﻿<?xml version="1.0" encoding="utf-8"?>
<skin name="default" version="1.0">
<elements>
	<element name="library_panel">
		<style background-color="#f7f7f7" />
	</element>
	<element name="library_section">
		<style color="#333333" />
	</element>
	<element name="library_item">
		<style color="#333333" />
	</element>
	<element name="library_item_selected">
		<style color="#000000" background-color="#afafaf" />
	</element>
	<element name="library_item_additional">
		<style color="#999999" />
	</element>
	<element name="library_item_additional_selected">
		<style color="#000000" />
	</element>
	<element name="library_group"><img src="group.png" load="false" /></element>
	<element name="library_folder"><img src="folder.png" load="false" /></element>
	<element name="library_set"><img src="set.png" load="false" /></element>
	<element name="library_installed"><img src="installed.png" load="false" /></element>
	<element name="library_arrow"><img src="arrow.png" load="false" /></element>
	<element name="library_arrow_down"><img src="arrow_down.png" load="false" /></element>
	<element name="library_add">
		<img src="add.png" load="false" num="2" />
		<style height="20" width="20" left="4" top="4" />
	</element>
	<element name="fontinfo">
		<style background-color="#f0f0f0" />
	</element>
	<element name="fontinfo_button">
		<img src="fontinfo.png" load="false" num="2" />
		<style height="22" width="22" left="32" top="3" />
	</element>
	<element name="fontinfotitle">
		<img src="fontinfotitle_bg.png" load="true" />
		<style height="22" color="#333333" />
	</element>
	<element name="fontinfo_label">
		<style color="#6f6f6f" />
	</element>
	<element name="fontinfo_value">
		<style color="#333333" />
	</element>
	<element name="toolbar">
		<img src="toolbar_bg.png" load="true" />
		<style repeat-x="true" height="48" color="#666666" />
	</element>
	<element name="mainmenu">
		<img src="mainmenu_bg.png" load="true" />
		<style background-color="#D7D7D7" height="22" color="#333333"/>
	</element>
	<element name="statusbar">
		<img src="bottom_bg.png" load="true" />
		<style color="#333333" height="26" />
	</element>
	<element name="listbar">
		<img src="searchbar_bg.png" load="true" />
		<style height="30" color="#333333" />
	</element>
	<element name="listbar_divider">
		<img src="searchbar_divider.png" load="false" />
		<style width="10" />
	</element>
	<element name="listbar_button">
		<img src="listbar_btn.png" load="false" />
	</element>
	<element name="search">
		<img src="search_input.png" load="false" />
		<style height="22" width="110" top="3" right="5" />
	</element>
	<element name="search_focused">
		<img src="search_input_focused.png" load="false" />
		<style height="22" width="110" top="3" right="5" />
	</element>
	<element name="searchinput">
		<style height="13" width="75" left="22" top="7" background-color="#FFFFFF" color="#333333" />
	</element>
	<element name="icon_truetype"><img src="type_truetype.png" load="false" /></element>
	<element name="icon_truetypecollection"><img src="type_truetypecollection.png" load="false" /></element>
	<element name="icon_opentype"><img src="type_opentype.png" load="false" /></element>
	<element name="icon_type1"><img src="type_adobetype1.png" load="false" /></element>
	<element name="icon_check"><img src="checked.png" load="false" /></element>
	<element name="icon_uncheck"><img src="check.png" load="false" /></element>
	<element name="icon_tags"><img src="tag.png" load="false" /></element>
	<element name="icon_installed"><img src="font_installed.png" load="false" /></element>
	<element name="sampletextinput">
		<style left="185" top="5" width="360" height="35" color="#333333" background-color="#FFFFFF" border-color="#AAAAAA" />
	</element>
	<element name="sampletextbutton">
		<img src="samples_btn.png" num="3" arrange="horizontal" load="false" />
	</element>
	<element name="tagoption">
		<img src="tagoption.png" load="false" arrange="horizontal" num="3" />
		<style width="20" />
	</element>
	<element name="moretags">
		<img src="moretags.png" load="false" arrange="horizontal" num="2" />
		<style height="22" width="18" top="2" />
	</element>
	<element name="tagbtn">
		<style color="#333333" />
	</element>
	<element name="tagbtn_on">
		<style background-color="#888888" color="#FFFFFF" />
	</element>
	<element name="toolbtn_print">
		<img src="btn_print.png" load="false" arrange="horizontal" num="3" />
	</element>
	<element name="toolbtn_install">
		<img src="btn_install.png" load="false" arrange="horizontal" num="2" />
	</element>
	<element name="toolbtn_uninstall">
		<img src="btn_uninstall.png" load="false" arrange="horizontal" num="2" />
	</element>
	<element name="toolbtn_charmap">
		<img src="btn_charmap.png" load="false" arrange="horizontal" num="3" />
	</element>
	<element name="toolbtn_properties">
		<img src="btn_properties.png" load="false" arrange="horizontal" num="3" />
	</element>
	<element name="toolbtn_trash">
		<img src="btn_trash.png" load="false" arrange="horizontal" num="3" />
	</element>
	<element name="style_bold">
		<img src="style_bold.png" load="false" arrange="horizontal" num="3" />
	</element>
	<element name="style_italic">
		<img src="style_italic.png" load="false" arrange="horizontal" num="3" />
	</element>
	<element name="style_underline">
		<img src="style_underline.png" load="false" arrange="horizontal" num="3" />
	</element>
	<element name="style_antialias">
		<img src="style_antialias.png" load="false" arrange="horizontal" num="3" />
	</element>
	<element name="switchcolors">
		<img src="switchcolors.png" load="false" />
	</element>
	<element name="scrollbar_bg">
		<img src="scrollbar_bg.png" load="false" />
	</element>
	<element name="scrollbar_thumb">
		<img src="scrollbar_thumb.png" load="false" />
	</element>
	<element name="scrollbar_button">
		<img src="scrollbar_btn.png" load="false" />
		<style width="0" />
	</element>
</elements>
</skin>